{"cameraMode":{"drawMode":0,"name":"Shaded","section":"Shading Mode"},"sceneLighting":false,"audioPlay":false,"sceneViewState":{"m_AlwaysRefresh":false,"showFog":true,"showSkybox":false,"showFlares":true,"showImageEffects":true,"showParticleSystems":true,"showVisualEffectGraphs":true,"m_FxEnabled":true},"in2DMode":false,"pivot":{"x":7.515441417694092,"y":0.38586941361427309,"z":8.501127243041993},"rotation":{"x":0.15016362071037293,"y":-0.17985589802265168,"z":0.027789708226919175,"w":0.9717985987663269},"size":2.2912402153015138,"orthographic":false}